ks_per_m,efio_scale,rmse_log,n_matched_boreholes
0.003,0.7,5.112283477889437,40
0.003,1.0,5.26508761682782,40
