{
  "n_samples": 58,
  "rmse_log_mean": 2.24923414784465,
  "spearman_mean": 0.08822537288706896,
  "kendall_mean": 0.041600881571244905,
  "radii": [
    50,
    100,
    200,
    500,
    1000
  ]
}