{
  "n_samples":58,
  "rmse_log_mean":2.2492341478,
  "spearman_mean":0.0882253729,
  "kendall_mean":0.0416008816,
  "radii":[
    50,
    100,
    200,
    500,
    1000
  ]
}