ks_per_m,EFIO_override,eff_cat1,eff_cat2,eff_cat3,n_matched_boreholes,spearman_rho,kendall_tau,pearson_r_log,rmse_log
0.003,8960000000.0,0.5,0.1,0.3,27,-0.4872309248690291,-0.3739381777438554,-0.5031134781678822,4.8455210649098825
