{
  "grids": {
    "ks_per_m": [
      0.003
    ],
    "EFIO_override": [
      8960000000.0
    ],
    "eff_cat1": [
      0.5
    ],
    "eff_cat2": [
      0.1
    ],
    "eff_cat3": [
      0.3
    ]
  },
  "results": [
    {
      "ks_per_m": 0.003,
      "EFIO_override": 8960000000.0,
      "eff_cat1": 0.5,
      "eff_cat2": 0.1,
      "eff_cat3": 0.3,
      "n_matched_boreholes": 27,
      "spearman_rho": -0.4872309248690291,
      "kendall_tau": -0.3739381777438554,
      "pearson_r_log": -0.5031134781678822,
      "rmse_log": 4.8455210649098825
    }
  ],
  "best_by_spearman": {
    "score_spearman": -0.4872309248690291,
    "score_kendall": -0.3739381777438554,
    "rmse_log": 4.8455210649098825,
    "params": {
      "ks_per_m": 0.003,
      "EFIO_override": 8960000000.0,
      "eff_cat1": 0.5,
      "eff_cat2": 0.1,
      "eff_cat3": 0.3
    },
    "n": 27
  }
}